ID,Application,Display Name,
01,Discord,test_ user,
01,Discord,test_ user,
01,Discord,test_ user,
01,Discord,test_ user,
01,Discord,test_ user,
01,Discord,test_ user,
01,Discord,test_ user,
01,Discord,test_ user,
01,Discord,test_ user,
01,Discord,test_ user,
01,Discord,test_ user,
01,Discord,test_ user,
01,Discord,test_ user,
01,Discord,test_ user,
01,Discord,test_ user,
01,Discord,test_ user,
01,Discord,test_ user,
01,Discord,test_ user,
01,Discord,test_ user,
01,Discord,test_ user,
01,Discord,test_ user,
01,Discord,test_ user,
01,Discord,test_ user,
01,Discord,test_ user,
01,Discord,test_ user,
01,Discord,test_ user,
01,Discord,test_ user,
01,Discord,test_ user,
01,Discord,test_ user,
01,Discord,test_ user,
01,Discord,test_ user,
01,Discord,test_ user,
01,Discord,test_ user,
01,Discord,test_ user,
01,Discord,test_ user,
01,Discord,test_ user,
01,Discord,test_ user,
01,Discord,test_ user,
01,Discord,test_ user,
01,Discord,test_ user,
01,Discord,test_ user,
191107801492357121,Discord,Fantasmos,
191107801492357121,Discord,Fantasmos,191107801492357121,Discord,Fantasmos191107801492357121,Discord,Fantasmos